frame,Ankle.R_x,Ankle.R_y,Ankle.R_z,Knee.R_x,Knee.R_y,Knee.R_z,Hip.R_x,Hip.R_y,Hip.R_z,Hip.L_x,Hip.L_y,Hip.L_z,Knee.L_x,Knee.L_y,Knee.L_z,Ankle.L_x,Ankle.L_y,Ankle.L_z,Wrist.R_x,Wrist.R_y,Wrist.R_z,Elbow.R_x,Elbow.R_y,Elbow.R_z,Shoulder.R_x,Shoulder.R_y,Shoulder.R_z,Shoulder.L_x,Shoulder.L_y,Shoulder.L_z,Elbow.L_x,Elbow.L_y,Elbow.L_z,Wrist.L_x,Wrist.L_y,Wrist.L_z,Neck_x,Neck_y,Neck_z,Head_x,Head_y,Head_z,Nose_x,Nose_y,Nose_z,Eye.L_x,Eye.L_y,Eye.L_z,Eye.R_x,Eye.R_y,Eye.R_z,Ear.L_x,Ear.L_y,Ear.L_z,Ear.R_x,Ear.R_y,Ear.R_z,hip.Center_x,hip.Center_y,hip.Center_z
1,0.31997237,-0.43435016,-0.28799346,0.09592402,-0.09836935,-0.21434335,0.015898632,0.28637490000000004,-0.12044276,-0.030906217000000003,0.22555494,0.09976481,-0.24276008,-0.06768108,-0.029851202,-0.26441514,-0.45824677,-0.1573836,-0.20165373,0.4559242,-0.28611776,0.03068358,0.49003503,-0.27896112,-0.0033901446,0.67305624,-0.0965443,-0.10692694,0.65485877,0.16293332,-0.18726158,0.4105875,0.23295462,-0.37333426,0.39509740000000004,0.09646622,-0.068318985,0.7261179,0.02919833,-0.07701794,0.9361173,0.015938483,-0.20941820000000003,0.854706,0.024389802999999998,-0.17162788,0.89116585,0.055013068,-0.17437068,0.8896344,-0.010941218999999999,-0.08066267,0.8674685,0.08787732,-0.08300708,0.86406755,-0.055005692,-0.007503792643547058,0.2559649348258972,-0.010338976979255676
2,0.37802473,-0.40180615,-0.2549087,0.10526084,-0.09921579,-0.20657994,0.01074457,0.28578073,-0.12305272,-0.026103089,0.23085538,0.10126175,-0.24527524,-0.061861623,-0.016782632,-0.24068522,-0.45045573,-0.14832874,-0.20998901,0.47062874,-0.23537168,0.014654172,0.5078436,-0.29053956,-0.017545274,0.68362904,-0.10039089,-0.10996708,0.6585248,0.16394702,-0.18767428,0.41280043,0.23181659,-0.34972270000000005,0.4253449,0.068716444,-0.07627921,0.73271406,0.029590491,-0.079342656,0.94179785,0.023166716,-0.21541418,0.8654497,0.018182995,-0.17894337,0.9000440000000001,0.05284445,-0.17568076,0.89966476,-0.0131718535,-0.09199077,0.87174046,0.09373731,-0.08175861,0.8711295,-0.049279034000000006,-0.007679259404540063,0.2583180665969849,-0.010895486921072006
3,0.37406778,-0.4049547,-0.25342995,0.10353864,-0.09993048,-0.20688601,0.011586603999999999,0.28570559999999995,-0.12305884,-0.026786947999999998,0.23094805,0.10111035,-0.24496888,-0.0628006,-0.017229075,-0.24136418,-0.4523938,-0.14669302,-0.20899563,0.47019696,-0.23619065,0.01572171,0.5079680999999999,-0.29120544,-0.01622481,0.68362176,-0.10066749,-0.10914167,0.6586628999999999,0.16360717,-0.18660301,0.41293758,0.23242414,-0.34797147,0.42541447,0.06857582,-0.07510383,0.73276573,0.029218707000000003,-0.07746719,0.9417983,0.02247203,-0.21384001,0.8659658000000001,0.017292371,-0.17732188,0.9004873,0.051979877,-0.17388746,0.89995897,-0.014029403999999999,-0.09057921,0.87193245,0.09316059,-0.07996911,0.8709886,-0.049841896,-0.007600171957165003,0.25832682847976685,-0.010974247008562088
4,0.3591958,-0.4060101,-0.29097652,0.096801236,-0.09943868,-0.20430651,-0.007910164,0.2870922,-0.12451366,-0.010014054,0.23373779999999997,0.10358224,-0.22475232,-0.07355477,0.007193019,-0.24908917,-0.45924962,-0.13513799,-0.17847909,0.45426476,-0.19300386,0.038246267,0.5023826,-0.26866059999999997,-0.020247743999999998,0.6898376,-0.09487839,-0.08426006,0.665026,0.17990601,-0.13607682,0.41377264,0.2557453,-0.30583423,0.41335186,0.09848719,-0.068973616,0.7405418,0.042458493,-0.08805637,0.9524534,0.040391315,-0.21628284,0.86405265,0.05173089,-0.17834505,0.9016528,0.08205189,-0.18400118,0.9021316999999999,0.01608209,-0.08459999,0.880727,0.110835664,-0.09349572,0.88228244,-0.03247091,-0.008962109684944153,0.2604150176048279,-0.01046571135520935
5,0.37223920000000005,-0.31562516,-0.40973455,0.07401546,-0.09459153599999999,-0.22949642,-0.05836492,0.2704139,-0.11411424,0.03952301,0.24597313,0.094621,-0.18523121,-0.06479116,0.11823310000000001,-0.18991104,-0.4537307,-0.0071091787,-0.29660190000000003,0.5827796,-0.14218567,-0.130651,0.52081376,-0.28603190000000006,-0.10061422,0.6929893,-0.09439810000000001,-0.0056512123,0.6731968,0.16384143,-0.006929,0.42596649999999997,0.23740655,-0.22135097,0.49376136,0.21005839999999998,-0.06792991,0.74363476,0.043166615,-0.058531344000000006,0.9462165000000001,0.05719221,-0.19234283,0.8790891,0.10153577,-0.14211276,0.90865874,0.12106845,-0.16446646,0.91389245,0.059040494000000006,-0.04892873,0.87070125,0.12313036599999999,-0.09529835,0.88311094,-0.011026766,-0.009420955553650856,0.2581935226917267,-0.009746618568897249
6,0.39960662,-0.3437683,-0.3667546,0.102252014,-0.089664824,-0.22606182,-0.03997758,0.27710897,-0.12329835,0.021509595,0.24350293,0.101218216,-0.20532824,-0.06850734,0.07508852,-0.22974987,-0.4620245,-0.047475092,-0.34525967,0.67300886,-0.1837358,-0.1769861,0.5796026999999999,-0.3115844,-0.10409067,0.70282733,-0.09106664,-0.021821901,0.6714846,0.17075697,0.033289954,0.42428094,0.23660860000000003,-0.19346429999999998,0.40728292,0.21842536,-0.08194966,0.7447881,0.04967334,-0.08400699,0.9476604,0.07268352,-0.21677962,0.8723395,0.10745839999999998,-0.16842416,0.9025183000000001,0.13086808,-0.18847506,0.91055226,0.06804842,-0.07310699,0.86860216,0.13471301,-0.115003005,0.8867695,-0.0015433839999999999,-0.0092339925467968,0.2603059411048889,-0.011040065437555313
7,0.31359944,-0.33482626,-0.43131378,0.03568786,-0.09467332,-0.24439989999999998,-0.056462843,0.27571437,-0.11564967,0.041094378,0.24856581,0.09469812,-0.17270534,-0.06271344,0.14069186,-0.19222406,-0.4655134,0.063254096,-0.32047218,0.5452764,-0.15087561,-0.13766763,0.5104964,-0.28544313,-0.11057417,0.689509,-0.0969112,-0.009653378,0.67727876,0.1622076,0.036807194,0.42806876,0.21687284,-0.18225870000000002,0.47142822,0.17876486,-0.08018482,0.7452248,0.039373536,-0.083222605,0.9521261999999999,0.043010186,-0.22074473,0.87861294,0.05089864,-0.18125682,0.9138993000000001,0.081605926,-0.18215403,0.9111714,0.015619269,-0.091159336,0.8835902,0.11854254,-0.09283842,0.8801822,-0.024674058,-0.0076842326670885095,0.26214009523391724,-0.010475773364305494
8,0.4622541,-0.3310278,-0.1847726,0.13299589,-0.08941543,-0.20139532,0.0071103623999999995,0.2869938,-0.126863,-0.017705921,0.24888016,0.10292561,-0.27778953,-0.009304590500000001,0.026316084,-0.26510587,-0.39677656,-0.09686594,-0.28046724,0.50860107,-0.30427334,-0.048216592999999995,0.528878,-0.33166078,-0.06602762,0.69756174,-0.13090448,-0.09019578,0.69478965,0.14953873,-0.06587039,0.48291594,0.3074422,-0.28003854,0.5008168,0.23157175,-0.102475606,0.7518562,0.005832238000000001,-0.13400479,0.9580575000000001,-0.013595036999999999,-0.25976515,0.8660498999999999,0.0025014635,-0.22415063,0.9083912000000001,0.029818779,-0.2259458,0.90119183,-0.035960703999999996,-0.13083307,0.8939879000000001,0.06585671,-0.13280378,0.87994075,-0.079090334,-0.005297779105603695,0.26793697476387024,-0.011968694627285005
9,0.46308875,-0.33292285,-0.1832858,0.13532539,-0.08914165,-0.19857101,0.0075151309999999995,0.28704968,-0.12680203,-0.018374633,0.24881342,0.10274052,-0.2772372,-0.010815848000000001,0.024875400000000002,-0.2623374,-0.39846322,-0.09726861,-0.27247897,0.5099383,-0.31064108,-0.039575614,0.5290651999999999,-0.33074743,-0.062022757000000005,0.6980506,-0.13094547,-0.09025107,0.69599396,0.14893216,-0.071078956,0.4852856,0.30881935,-0.28486818,0.50498456,0.23244616,-0.10027036,0.75260603,0.005129004,-0.1305599,0.9586640999999999,-0.014813898,-0.2570613,0.86747956,0.0007850750999999999,-0.22127527,0.9096084999999999,0.02822278,-0.22282596,0.9023476999999999,-0.037559308,-0.12820666,0.8946549000000001,0.06469457,-0.12959793,0.8804311,-0.08025839,-0.005429751239717007,0.2679315507411957,-0.012030754238367079
10,0.39564297,-0.38715762,-0.14763512,0.09516096,-0.110808894,-0.19892961,0.012269239,0.28125092,-0.13026814,-0.017757451,0.25607559999999996,0.10321141,-0.2907656,0.0048595667,0.03781766,-0.23848647,-0.38579476,-0.07324223,-0.23515239999999998,0.45825088,-0.28579566,-0.01422061,0.511649,-0.35242352,-0.07463098,0.6875508,-0.16419592,-0.09916628,0.7053923000000001,0.11584061,-0.022877995,0.5209652,0.2923623,-0.22070721,0.47058588,0.18451959,-0.1190195,0.74667794,-0.03145063,-0.18216884,0.94523257,-0.06215519,-0.2902823,0.83331674,-0.04953656,-0.26471597,0.8820189,-0.02220533,-0.26021558,0.8723141999999999,-0.08742869,-0.17344856,0.8860444,0.02096343,-0.1620302,0.8660779000000001,-0.12335679,-0.002744106110185385,0.2686632573604584,-0.013528365641832352
11,0.37529242,-0.36176252,-0.15347035,0.07898052,-0.09484145,-0.2485705,0.02314433,0.28863590000000006,-0.12447192,-0.023488102,0.25193617,0.10296688,-0.30403638,0.0066467626,0.052615702,-0.19845906,-0.38049520000000003,-0.035920132,-0.23474462,0.4272833,-0.37579250000000003,-0.011547755,0.49266824,-0.31494403,-0.059994727000000005,0.68724614,-0.13825116,-0.109645836,0.6788622,0.14397544,-0.037002504,0.4551918,0.27313325,-0.24891075,0.37468293,0.218586,-0.117923245,0.7421608000000001,-0.0009918064,-0.18181057,0.94757307,-0.016907196,-0.2878585,0.8349752,-0.0034833765000000004,-0.25977707,0.88131475,0.02529322,-0.26133555,0.8767751,-0.040636368,-0.16554345,0.8825446,0.05962654,-0.16705163,0.87317914,-0.08623436,-0.00017188582569360733,0.2702860236167908,-0.010752517729997637
12,0.35725707,-0.31295559999999994,0.054184884,0.16035967,-0.09281566,-0.22622895,0.08766645,0.28384236,-0.08268602,-0.08605639999999999,0.25343475,0.066126905,-0.35300583,0.040959824,-0.060544834000000006,-0.186908,-0.30041257,0.09528461,-0.20947078,0.3906332,-0.43189704,-0.024810001,0.48480165,-0.29328555,-0.03347356,0.6929436,-0.13653083,-0.20647039999999997,0.65923774,0.08124378,-0.32024848,0.4228321,0.09347372,-0.43351334,0.42852724,-0.121917814,-0.13476707,0.7352178,-0.026827122999999998,-0.21158928,0.9350598,-0.007793682,-0.29326805,0.8178405,-0.06363393,-0.2843144,0.85469824,-0.015599213999999998,-0.2641259,0.8706046000000001,-0.07643534,-0.2076064,0.8536054,0.048121557,-0.1599313,0.8876127,-0.08535734,0.0008050277829170227,0.268638551235199,-0.008279558271169662
13,0.37809595,-0.30417305,0.10907677,0.19566643,-0.0957917,-0.19237594,0.09629264,0.28276932,-0.07004995,-0.10088727,0.24834476,0.049482077,-0.3031098,-0.02545648,-0.1157038,-0.19292048,-0.37848586,0.07474244,-0.03612777,0.34988216,-0.50664204,0.05588109,0.47378823,-0.30709240000000004,0.0017190352,0.6728818,-0.1385944,-0.21754475,0.66761845,0.040803917,-0.43244755,0.5139511999999999,0.08699275599999999,-0.6405233,0.45694536,-0.039917227,-0.11750691,0.7284843000000001,-0.05263391,-0.15002349999999998,0.9371389000000001,-0.045208357000000005,-0.25370103,0.8463856,-0.11318510000000001,-0.2411893,0.8799516,-0.06352512,-0.21061337,0.88924843,-0.12113759,-0.17589873,0.85788316,0.00875441,-0.10549818,0.8773818000000001,-0.11692838,-0.002297315746545792,0.26555705070495605,-0.0102839358150959
14,0.37693313,-0.3060142,0.10772475,0.1950136,-0.09580905,-0.19271214,0.09631505,0.2827018,-0.070032865,-0.100805685,0.24848609,0.049599312,-0.3034867,-0.024535922,-0.1159749,-0.1943917,-0.3788327,0.072602004,-0.03466509,0.3514237,-0.50877064,0.056097798,0.4741913,-0.30799484,0.0019303979,0.6728515,-0.13910608,-0.217061,0.6678516999999999,0.04063771,-0.43182635,0.51455784,0.088232376,-0.6418457,0.45821452,-0.035684735,-0.117173515,0.7285647,-0.053065345,-0.14971958,0.9371997,-0.045428704,-0.25336236,0.8465415000000001,-0.11356878,-0.24086439999999998,0.88002306,-0.06385708,-0.21027885,0.8894219000000001,-0.12144952,-0.17557845,0.85786325,0.008413117,-0.10515393,0.8775709,-0.11724715,-0.0022453181445598602,0.26559394598007197,-0.01021677628159523
15,0.37090409999999996,-0.3637458,0.11671158,0.20177795,-0.10232978,-0.15270032,0.10046433,0.28163058,-0.0618305,-0.10996494400000001,0.25142735,0.031124655,-0.24549401,-0.09096216,-0.09625099599999999,-0.16355264,-0.42377250000000005,0.14211167,0.051722053,0.40551913,-0.500115,0.12478874599999999,0.5042239000000001,-0.28261068,0.034908272000000004,0.6921020999999999,-0.12146475,-0.20561558,0.6951864000000001,0.019889344,-0.4525081,0.60149604,0.012632913999999999,-0.5922335999999999,0.64016366,-0.18771741,-0.09440991,0.7456482,-0.053305842,-0.13664977,0.9499101000000001,-0.038598165,-0.23349878,0.85632163,-0.11417424,-0.22370067,0.8881431999999999,-0.06262851,-0.19274946,0.9024152,-0.11893761,-0.15847589,0.8663992,0.009744257,-0.08651297,0.8967306,-0.11323012,-0.004750307649374008,0.2665289640426636,-0.015352921560406685
16,0.16428201,-0.4926679,0.21254107,0.13936502,-0.10968408,0.11262895,0.025247928,0.26270095,0.092023134,-0.02158134,0.24281539,-0.12604877,-0.018837338000000002,-0.14843789,-0.114086874,-0.15609589999999998,-0.52532023,-0.15437223,0.28174677,0.6474375,0.042994946,0.12226616,0.615827,0.20264815,0.028950654,0.7317111,0.036742106000000004,0.009878336,0.7058380999999999,-0.17187351,0.16606727,0.55228806,-0.24540979,0.30852267,0.67251414,-0.11359357,0.021673342,0.7504755,-0.07129447,0.018270396,0.9304834999999999,-0.07847105,0.14067124,0.86487883,-0.14711468,0.08856049,0.8930689,-0.1558809,0.12182139,0.89723206,-0.09973054,-0.0034839008,0.85673964,-0.14193791,0.06819582,0.86506605,-0.018297069,0.0018332935869693763,0.2527581751346588,-0.017012819647788998
17,-0.13033039999999999,-0.5792636999999999,0.06343459,-0.0424095,-0.16504455,0.10436334,-0.07371023,0.24592745,0.07518451,0.07516339,0.24880834,-0.10108215,0.13900857,-0.15313208,-0.09179258,0.16288376,-0.56341094,-0.21470895,0.21352752,0.6315644,0.24409,0.029264929,0.5069789000000001,0.34170818,-0.030174945,0.6632224,0.14332701,0.113314606,0.6820142,-0.07332872,0.3181355,0.5389809,-0.15528286,0.33336782,0.59493035,0.07482158,0.04541608,0.716498,0.04110633,0.085309945,0.90732783,0.07638008,0.18288487,0.8003216,0.12103392,0.17310506,0.845461,0.08165263,0.14059137,0.8406872,0.13800496,0.11151095,0.84361374,0.0038708001000000002,0.040739357000000004,0.8346915000000001,0.12651262,0.0007265768945217133,0.24736788868904114,-0.012948822230100632
18,0.16055731,-0.48776567,0.057925887,0.28548908,-0.06895967,-0.031234045,0.050997152999999996,0.28691688,0.08827398,-0.06709524,0.27360946,-0.13066146,0.009546719,-0.15494625,-0.08462001,-0.029063098,-0.5932814999999999,0.027610707999999998,0.3410769,0.5822295999999999,-0.010879666999999999,0.20807824,0.5353060000000001,0.21081361,0.018312525,0.7360300000000001,0.13473168,-0.08776028,0.7429376999999999,-0.15270124,0.04635505400000001,0.54049003,-0.29860625,0.21315612,0.618325,-0.116591275,-0.033378705,0.80021876,-0.007592419,0.052804183,1.0086279,-0.016989771,0.13138829999999999,0.87639165,-0.041746292000000004,0.10614404,0.92831796,-0.06790317,0.11736711,0.9239224,-0.0018024985,0.0047789207,0.9463138000000001,-0.09127214,0.031823985,0.9382904000000001,0.05853171,-0.008049044758081436,0.28026318550109863,-0.021193739026784897
19,0.15982328,-0.4882937,0.056740873,0.28547528,-0.06930356,-0.031801276,0.05120042,0.28668588,0.08823311,-0.06728560000000001,0.273767,-0.13060048,0.0098189665,-0.15501219,-0.085101575,-0.029204737,-0.59372675,0.026642485,0.34010518,0.5809561,-0.012275897,0.20813236,0.5323591999999999,0.20965153,0.0198508,0.7352598000000001,0.13530864,-0.08766979,0.74324,-0.15167116,0.044482216,0.5399484,-0.29827443,0.21110184,0.61742216,-0.11587326,-0.032359276,0.8001415,-0.006708266,0.05403007,1.0084889000000001,-0.016561516000000002,0.13236278,0.8761618,-0.041654814,0.10702474,0.9281028,-0.06771359,0.11859968,0.9237357,-0.0016640964999999998,0.0055558356000000005,0.9461799000000001,-0.090545155,0.033395298,0.9382206,0.059105745999999994,-0.008042588829994202,0.2802264392375946,-0.021183684468269348
20,-0.14809452,0.017449144,-0.0573169,-0.1597044,0.11499268,0.35226113,-0.14074817,0.2788442,-0.056863545999999994,0.13764311,0.2606959,-0.04367576,0.10720476,0.07749323,0.35139102,0.072401315,-0.06960126,-0.05208467,-0.20166326,0.539215,0.07449194,-0.36496022,0.54930425,-0.13570346,-0.13755915,0.7310165,-0.06048244,0.18964164,0.6990257,-0.02904484,0.36319596,0.44981027,-0.04027542,0.27431452,0.5573345000000001,0.1815881,0.019705232,0.7741701999999999,-0.018838793,-0.046125937,0.97898054,0.028450347,-0.103385225,0.85259247,0.10916212,-0.06994887400000001,0.906573,0.11265327,-0.11174911,0.8932996999999999,0.060578704000000004,0.033115346000000004,0.92286265,0.08267081,-0.06263612,0.8969086,-0.035478566,-0.0015525296330451965,0.2697700560092926,-0.05026965588331223
21,-0.46789718,0.13368501,0.100189134,-0.21791407,0.46626914,0.13358328,-0.10605629,0.27012909999999996,-0.087474346,0.13247868,0.17402179999999998,-0.010391975999999999,0.119236544,0.20911983,0.33773962,-0.15504771,0.05914213,0.09355982,-0.31254499999999996,0.50604767,0.11626653,-0.37814027,0.5989479999999999,-0.10508717599999999,-0.1134076,0.6296263000000001,-0.037093576,0.17351304,0.61129546,0.0026024439999999998,0.3240636,0.3754947,0.011651268000000001,0.19867414,0.43773959999999995,0.20859295,0.017624594,0.66670644,0.0026618494,-0.011586036999999999,0.8633268,0.044978708,-0.06564295,0.7546799,0.14115562,-0.024787761000000002,0.79814774,0.13596445,-0.08181226,0.7961210999999999,0.101708055,0.056542456,0.7954303,0.07465197,-0.065644205,0.79241014,-0.00021420605,0.013211198151111605,0.2220754623413086,-0.04893315955996514
22,-0.71795976,0.24892275,-0.08810313,-0.35827094,0.39629440000000005,0.10975124,-0.0447315,0.30563873,-0.072217554,0.08567448,0.089195244,0.006123521,-0.1540403,0.13040505,0.3276103,-0.54340696,0.13041039,0.14976671,-0.21216662,0.33446687,0.24592867,-0.18283212,0.5496036999999999,0.12846805,0.08689867,0.5632095,0.056727488,0.3446554,0.4589879,0.043809466,0.45064175,0.21229386,-0.026919484,0.30311754,0.25709176,0.15231852,0.21818799,0.54937553,0.06952939,0.22049278,0.7284143,0.12861848,0.17753594,0.61600894,0.22407812,0.21997237,0.6553831,0.21571366,0.15820447,0.6624505,0.19489032,0.28312415,0.65275264,0.13948211,0.15298378,0.6700482,0.09562299,0.020471489056944847,0.1974169909954071,-0.033047016710042953
23,-0.66987664,0.24304360000000003,0.003500021,-0.29672065,0.39944443,0.19341384,-0.108843654,0.29269984,-0.06420455,0.13546087,0.18298057,-0.035131313,0.19920051,0.01235796,0.29896805,0.016632682,-0.27382225,0.024394722999999997,-0.57870775,0.6012589,0.04836793,-0.35186565,0.62651265,-0.09101862,-0.06396079,0.64826393,-0.04050241,0.23885825,0.5940042,-0.037545525,0.32358109999999995,0.31314024,-0.040066447000000005,0.13625395,0.31732368,0.13630097,0.07735648,0.672693,-0.016006354,-0.012346338,0.85218704,0.055626724,-0.054812982999999996,0.7047606,0.08969362,-0.035452217,0.75585884,0.11405985,-0.06745001,0.7533965,0.05539511,0.061901927,0.7946433,0.10178864,-0.010756575,0.7920169,-0.024543375,0.013308607041835785,0.2378402054309845,-0.04966793209314346
24,-0.6452193,0.3462995,0.30657735,-0.21144098,0.4074197,0.25083828,-0.10743308,0.3002891,-0.033784486,0.123703256,0.19731991,-0.054607502999999995,0.19518733,-0.16489051,0.10046567,-0.08665337,-0.29645166,-0.21246865,-0.58588684,0.6958055000000001,0.11080144,-0.35334715,0.6812593000000001,-0.01741701,-0.06463528,0.67989445,-0.0072767959999999994,0.22545831,0.6399069000000001,-0.012675075,0.343086,0.39028454,-0.07320185,0.24466363,0.3934366,0.15962036,0.066963896,0.70459676,0.015381583999999998,-0.018616758,0.88711804,0.061987653,-0.08741834,0.74718946,0.06561765,-0.074042,0.79654783,0.09928964,-0.076936826,0.79911363,0.032756983999999996,0.023520917000000002,0.8202748,0.13181305,0.009754482,0.8286360999999999,-0.012513436000000001,0.008135087788105011,0.24880450963974,-0.0441959947347641
25,-0.51803297,0.19895739999999998,0.51740265,-0.20905426,0.35686094,0.27304268,-0.107832685,0.30789536,-0.01796165,0.118838586,0.21937206,-0.05132882,0.099570036,-0.17422973,-0.09336343400000001,-0.05069139,-0.45318270000000005,-0.41065004,-0.5364603,0.7991107,0.15302399,-0.34504503,0.7236786999999999,-0.0014909683,-0.062491875,0.7123451,0.018116329,0.22192873,0.6921271999999999,0.010015323000000001,0.44626993,0.5325266,0.026897265,0.36862653,0.6127093000000001,0.24562508,0.06633961,0.7420535,0.040167667000000004,-0.01408065,0.9280906999999999,0.08525723,-0.08467010400000001,0.78958505,0.105541624,-0.06601526,0.8419098,0.13381852,-0.07450802599999999,0.83891994,0.067741744,0.034185400000000005,0.86615914,0.15807754,0.0088063255,0.8635289,0.013211563,0.0055029504001140594,0.2636337280273437,-0.03464523330330849
26,-0.33478162,0.13883979999999999,0.42681637,-0.1802596,0.42425329999999994,0.20102093,-0.102301806,0.30190778,-0.05612522,0.11378036,0.20673938,-0.00046228518,0.017298993000000002,-0.17274335,-0.044863172,-0.043190412000000004,-0.48417372,-0.33132964,-0.42822003,0.7804385,-0.04911798,-0.24500673,0.71430695,-0.18799584,-0.020169236,0.7096305,-0.03713262,0.22840619,0.6475711,0.08552746,0.26942635,0.42796105,0.22730371,0.10892171,0.54817903,0.34545085,0.091537856,0.7259325,0.034981504,0.010529543,0.9178994,0.038780358,-0.06465909,0.78611684,0.07334391,-0.047234118,0.84085613,0.09521061,-0.05192828,0.8275273999999999,0.030495726,0.049958095,0.8677485999999999,0.12077939999999998,0.035819635,0.8431843000000001,-0.019936904,0.005739275366067886,0.2543235719203949,-0.02829375304281712
27,-0.19109210000000001,-0.31115782,0.13610698,-0.21830439999999998,0.0809536,0.24722756,-0.11491818,0.3035892,-0.054278016,0.11598647,0.24546093,0.010514243500000001,0.006561696999999999,-0.1558631,0.004927242,-0.0036332568,-0.5038252999999999,-0.24692003,-0.40535440000000006,0.8311199,-0.11553591,-0.21660316,0.7586514,-0.24824485,-0.04997717,0.7501664000000001,-0.024498457,0.2008988,0.68022835,0.12146438,0.30845672,0.42148936,0.11669455,0.093495905,0.406904,0.21419504,0.058299758,0.7710971999999999,0.07272715,-0.026826132000000003,0.97784966,0.08406504,-0.10281186,0.8470332,0.12436676,-0.08096721,0.9018921999999998,0.14438742,-0.09156188,0.88898754,0.07992699,0.020372424,0.9257129999999999,0.16444018,-0.0057104975,0.9015646999999999,0.021602444,0.0005341432988643646,0.2745250463485718,-0.02188188582658768
28,-0.13002149999999998,-0.33495712,-0.45935404,-0.18878368,-0.09765957,-0.12074271,-0.09176883,0.30878544,-0.08838512,0.08117878,0.24236709,0.07547066,-0.11285043,-0.11339791,0.052898365999999995,-0.1710668,-0.5051459,-0.090906024,-0.19318469,0.6299022,-0.15125802,-0.02947715,0.57557154,-0.3110594,-0.020537369,0.73484594,-0.0839553,0.16478571,0.70507634,0.14316647,0.23536143,0.43861774,0.204762,0.0087854415,0.48215044,0.24615498,0.049765993,0.787,0.04051377,-0.03938992,1.0042791,0.01966901,-0.11526412,0.8758541999999999,0.07386018,-0.09383193,0.9324525,0.088590905,-0.10720563,0.91391736,0.025759018999999998,0.0070050247,0.95961416,0.10299368,-0.020011857,0.92100024,-0.03672779,-0.005295027047395706,0.2755762636661529,-0.00645722821354866
29,-0.15081003,-0.45241022,-0.31264904,-0.22801998,-0.099653676,-0.06427097,-0.08135949,0.3140098,-0.101922795,0.08217144,0.24756627,0.07265715,-0.10543637,-0.13848883,0.045287787999999995,-0.16834739,-0.55071306,-0.09880153,-0.17310794,0.49687365,-0.027472603999999998,-0.039608195,0.4939817,-0.24046935,-0.007960641999999999,0.73069245,-0.08146879,0.17049417,0.6887689,0.16698217,0.23035708,0.40681264,0.19261605,-0.01714951,0.35968128,0.18454537,0.065060176,0.7840469,0.062326893,-0.021138694,1.0011274,0.080225,-0.099059105,0.8688488000000001,0.10944066,-0.07507382,0.9219103999999999,0.13428575,-0.08629183,0.91526896,0.06844254,0.026445586,0.94130003,0.15740217,-0.00025931187,0.9295843,0.009707645,0.00040597468614578247,0.28078803420066833,-0.014632821083068848
30,-0.17971800000000002,-0.43921015,-0.39224955,-0.20365614,-0.08772993,-0.13414639,-0.067567624,0.32086572,-0.11335727599999999,0.06385254,0.25546214,0.08964281,-0.12951006,-0.12078264,0.025599804,-0.17620453,-0.5225776,-0.13720973,-0.17570248,0.50957704,-0.094344474,-0.024850406000000002,0.5438202,-0.29201064,-0.0004887609,0.7610619000000001,-0.108257756,0.13206389999999998,0.7261969,0.17340629999999999,0.11415655,0.45063794,0.24994038,-0.12896985,0.47567385,0.19366054,0.05284022,0.8166356,0.043357852999999995,-0.009808474000000001,1.0463731,0.050620824,-0.104053825,0.9242818000000002,0.08904065,-0.071214624,0.97447354,0.11046789999999998,-0.088368714,0.96793675,0.045426264,0.03412479,0.98178715,0.12615213,-0.003065642,0.96937823,-0.021545216000000002,-0.001857541501522064,0.2881639301776886,-0.011857233941555023
31,0.17086318,-0.25301284,-0.6001270000000001,-0.06853505,-0.055329986,-0.2951987,-0.024753373,0.33333325,-0.12449829,0.016304769,0.24882863,0.10810226,-0.19976667,-0.08508919,-0.030836093999999998,-0.19783139,-0.46812898,-0.23279248,-0.21498431,0.5628901,-0.081876144,-0.049003117,0.57400423,-0.27017003,0.008161865,0.7720194,-0.07156195,0.05277114,0.71213174,0.23628241,-0.04458657,0.44467609999999996,0.2832408,-0.28451982,0.49202612,0.22287965,0.022047277999999997,0.8166873,0.09244835400000001,-0.03777938,1.0505269,0.0972154,-0.13261048,0.9302318000000002,0.14401782,-0.09628271,0.9794298,0.16245037,-0.11957017,0.9737995,0.09894931,0.0098864455,0.98421913,0.16799827,-0.039340716,0.9729651,0.022072174,-0.0042243022471666345,0.29108095169067383,-0.00819801539182663
32,0.51010996,-0.2847755,-0.24687728,0.14033934,-0.06711892,-0.21288149,0.008094381999999999,0.32564077,-0.12930034,-0.016860455,0.25911576,0.10449004,-0.27408448,-0.03990398,0.010258821999999999,-0.18039124,-0.42531526,-0.14152725,-0.26091620000000004,0.5210294,-0.1591079,-0.020304801,0.5582905,-0.23001893,0.031700768,0.76571685,-0.05068286,-0.037529606,0.70148623,0.24569559,-0.15732199,0.44542843,0.2520167,-0.35689682,0.50653315,0.114391916,-0.010600448,0.8065880999999999,0.10855809,-0.08240463599999999,1.0316504000000002,0.10254839,-0.17463789999999998,0.9035948,0.09843664,-0.15491258,0.95311403,0.13235725,-0.14652488,0.95084643,0.06581870000000001,-0.06342019,0.96418357,0.18426497,-0.043155427999999996,0.9611579,0.032338448,-0.004383036866784096,0.2923782467842102,-0.012405149638652802
33,0.50811166,-0.28835997,-0.24743226,0.13984936,-0.067781985,-0.21269216,0.008120371,0.32536715,-0.12939313,-0.016882885,0.25877187,0.10451336,-0.27475145,-0.039867666,0.010334717,-0.17930534,-0.42526773,-0.14090651,-0.25964344,0.51968616,-0.15841137,-0.01934984,0.5575005999999999,-0.23020175,0.0320088,0.7650268,-0.050640866,-0.036945782999999996,0.7007063,0.24566433,-0.15600024,0.44423732,0.25228226,-0.3552737,0.50601655,0.11458889400000001,-0.010223969,0.8058368,0.10856277,-0.08231418,1.0307335,0.10237012,-0.17421752,0.902496,0.09815626599999999,-0.15470603,0.9520618000000001,0.13207850000000002,-0.14617528,0.9497758,0.0655703,-0.063369215,0.9633778000000001,0.18413076,-0.042802677000000004,0.9603056999999999,0.032339387000000004,-0.0043812571093440065,0.2920694947242737,-0.012439884245395659
34,0.5329745,-0.32605922,-0.15847526,0.18302666,-0.070527695,-0.14690757,-0.004698433,0.30544640000000006,-0.13839704,-0.007918879,0.27422062,0.106062666,-0.2737092,-0.02727245,0.036699742,-0.16009489999999998,-0.42162663,-0.07262445,-0.28550315,0.48954144,-0.113229044,-0.09514928,0.5254228,-0.27537444,-0.039497226,0.75592446,-0.12464441,-0.0011012284,0.7365453000000001,0.18124279999999998,0.0124199195,0.47610837,0.2893559,-0.21833311,0.46324056,0.20319359,-0.039122265,0.8155522,0.033848267,-0.11606812,1.0347539000000001,0.03924519,-0.21052237,0.90839076,0.05281315,-0.18340945,0.95763373,0.082586475,-0.18820521,0.9553709,0.015468596000000001,-0.08371081,0.9665673,0.11564721,-0.09348494,0.96369904,-0.036479555,-0.006308656185865402,0.2898334860801697,-0.016167186200618744
35,0.4820705,-0.34682494,0.06155908,0.21801442,-0.07397968,-0.119839504,0.09016967,0.3127486,-0.07535786,-0.09926849,0.26386679999999996,0.053759467000000005,-0.29328537,0.0025070459,-0.15058136,-0.2262395,-0.4037575,-0.07111598599999999,-0.1996943,0.5143167000000001,-0.39485854,-0.00408123,0.54010046,-0.24016628,0.010190141,0.75173825,-0.076344125,-0.16830584,0.70324695,0.15474300000000002,-0.21094292,0.44116175,0.14331241,-0.35617232,0.49982774,-0.042046457999999995,-0.09220135,0.79652715,0.045518722000000005,-0.15921205,1.0090948,0.086531386,-0.23128310000000002,0.9132259,-0.015346318500000001,-0.23271915,0.9404319999999999,0.04149954,-0.19324204,0.963976,-0.0071611702,-0.17812173,0.9153766999999999,0.12634556,-0.087333515,0.96845174,0.017615356000000002,-0.004549410194158554,0.28830772638320923,-0.010799197480082512
36,0.5246031,-0.32648119999999997,0.01091652,0.25508565,-0.044730563,-0.14501463,0.095340386,0.30939642,-0.06645755,-0.10196439999999998,0.26752183,0.049997766,-0.33134004,0.031193776,-0.10873414,-0.3170874,-0.37536424,-0.005950570600000001,-0.12641548,0.43713832,-0.4182002,0.038144592000000005,0.5176044,-0.24467024,0.016012982,0.73903143,-0.09346509,-0.18961358,0.70374644,0.11655117,-0.25534022,0.44471025,0.13866258,-0.35070947,0.45111385,-0.086301826,-0.1024239,0.7887821,0.012410477,-0.18367379999999997,0.99854803,0.03536016,-0.2531619,0.8856982,-0.04868702,-0.2528687,0.91855246,0.0046979394,-0.22043015,0.94008636,-0.049624775,-0.18957809,0.9089716,0.085792765,-0.11372317400000001,0.95747316,-0.035584542999999996,-0.003312006592750549,0.2884591221809387,-0.008229890838265419
37,0.5230198,-0.33164787,0.01742151,0.26899824,-0.037872962999999996,-0.14983286,0.10370236,0.30400142,-0.053404413,-0.10877685,0.27205938,0.037183672,-0.34338415,0.038895044,-0.10708839,-0.37721834,-0.35701227,0.042660985,-0.07457738,0.45744009999999996,-0.43369716,0.08516958,0.51801443,-0.24566534,0.042359865999999996,0.73529893,-0.0871574,-0.20073082,0.70003366,0.080404565,-0.27935302,0.44068208,0.09730849400000001,-0.28619933,0.44066402,-0.14932516,-0.094230704,0.7846550999999999,-0.005181788,-0.17535947,0.99476224,0.0026707104,-0.22718781,0.8862261,-0.09794557,-0.23812877,0.91785693,-0.045170687,-0.1934799,0.9394556999999999,-0.089821644,-0.19558427,0.90419126,0.048082463,-0.09251492,0.9525737,-0.05149217,-0.0025372467935085297,0.2880303859710693,-0.008110370486974716
38,0.522233,-0.33202675,0.01844453,0.26877093,-0.038194012,-0.14939758,0.10374479,0.30396038,-0.053459137999999996,-0.10874899,0.27222088,0.037202574,-0.3438564,0.039935846000000004,-0.107265085,-0.37586513,-0.35542956,0.043890327,-0.07719532,0.46178532,-0.43512740000000005,0.08406176,0.5191920999999999,-0.24748592,0.042229705,0.73566425,-0.08778618,-0.20072982,0.70025176,0.079859115,-0.27933782,0.44089934,0.09651168,-0.28716290000000005,0.44184875,-0.15002799,-0.094179586,0.78492576,-0.005719010300000001,-0.17466258,0.9952728000000001,0.0021231638000000002,-0.22676307,0.8869806999999998,-0.09860942,-0.23766033,0.91862994,-0.04583966,-0.19285864,0.9400783000000001,-0.09041272,-0.19530451,0.9047451999999999,0.0474765,-0.091900945,0.9527939000000001,-0.05193729,-0.002502098679542541,0.2880906462669373,-0.008128281682729721
39,0.48148316,-0.35060617,0.02172902,0.25177768,-0.047508463,-0.15864275,0.10469416,0.3036963,-0.054628972000000005,-0.10729074,0.27521303,0.039328313999999996,-0.34816316,0.051027168,-0.10635546,-0.39115079999999997,-0.34403354,0.041272737000000004,-0.10516627,0.4483647,-0.4081482,0.06904977,0.5058739000000001,-0.23330307,0.045011132999999995,0.73331684,-0.08754674,-0.1985797,0.70094943,0.08186189,-0.28019506,0.44156048,0.09599134,-0.29266515,0.4378485,-0.15037609999999998,-0.09046222,0.78668976,-0.0044969120000000005,-0.16277581,1.0021896000000001,0.00028332436,-0.21670464,0.8958290999999999,-0.10160449,-0.22799679999999997,0.92841643,-0.049418192,-0.18036328,0.9471004999999999,-0.092376985,-0.19007574,0.9130578000000001,0.045988742,-0.08034313,0.9547965,-0.05017485,-0.0012982897460460665,0.2894546687602997,-0.007650328800082206
40,0.40449202,-0.33033809999999997,-0.040593922000000005,0.22313446,-0.01898657,-0.24159823,0.10902372,0.30191490000000004,-0.044590465999999995,-0.10936900000000001,0.27937445,0.031977896,-0.32767645,0.018330941,-0.10070522,-0.45034868,-0.34191546,0.08942698,-0.07953399400000001,0.45331627,-0.41621098,0.0768577,0.5369335999999999,-0.23446184,0.046254962999999996,0.74860704,-0.07758922,-0.20654958,0.7001911,0.07418711,-0.30181026,0.45057902,0.04043131,-0.33572399999999997,0.4616575,-0.20456865,-0.09646946,0.79100394,0.0014455123,-0.19129033,0.9954006,0.022169601,-0.25485860000000005,0.8743192,-0.053959265,-0.25374243,0.9084370999999999,-0.0013560392000000001,-0.22798212,0.9314658000000001,-0.05856314,-0.18458928,0.9078200000000001,0.07452165,-0.12112182,0.9592357,-0.054206897000000004,-0.00017264112830162048,0.2906446754932404,-0.006306285038590431
41,0.36267698,-0.33497941,-0.039050076,0.19716883,-0.02561218,-0.24657097,0.10739069,0.30728075,-0.04903367,-0.10707337,0.28261086,0.036017127,-0.31739008,0.017744265,-0.10614894,-0.4083415,-0.34314279999999997,0.0896322,-0.17150454,0.5488316999999999,-0.42428777,0.02978608,0.56748044,-0.27576009999999995,0.023321937999999997,0.76197827,-0.09736078,-0.21838287,0.70778185,0.070280954,-0.32927287,0.46791756,0.026338957000000003,-0.3600688,0.55729663,-0.19871736,-0.11167341,0.7999191,-0.007974978,-0.20115174,1.0072435,0.016554926,-0.26691765,0.8922945,-0.06736687599999999,-0.2667335,0.9247285,-0.013341268500000001,-0.23630266,0.9481218000000001,-0.06819634,-0.2019695,0.9170914000000001,0.06700596,-0.12822747,0.9699476999999999,-0.056910027,0.00015866011381149292,0.2949458062648773,-0.006508272141218185
42,0.30746073,-0.35280725,-0.0076298555,0.16746598,-0.04900211,-0.25021708,0.10421766,0.31090987,-0.061121434,-0.10235659,0.2856965,0.046018545,-0.31656358,-0.0044562044,-0.07751894,-0.3064104,-0.37946504,0.12236134,-0.20123327,0.5650683000000001,-0.40009272,0.01659801,0.57432103,-0.270175,0.015597353000000001,0.77605677,-0.09466158,-0.21226631,0.7167263,0.094423816,-0.31254625,0.46726635,0.058270335,-0.35650814,0.54648423,-0.17304453,-0.113465495,0.8117144000000001,0.005517881,-0.2068882,1.0204324,0.024972442999999997,-0.27041495,0.9027351,-0.05815402,-0.27152863,0.93673944,-0.004566781,-0.23920181,0.95878845,-0.059234685999999995,-0.208831,0.9307325999999999,0.079019755,-0.13116181,0.980908,-0.045014963,0.0009305365383625029,0.29830318689346313,-0.0075514446943998345
43,0.3174274,-0.36495520000000004,0.016699437,0.18128376,-0.05798598,-0.22658452,0.105273545,0.30987220000000004,-0.058250368,-0.10463229,0.28557602,0.04283222,-0.32075015,0.005430282,-0.095467225,-0.30438042,-0.36675122,0.10784887,-0.2034131,0.5746,-0.4206442,0.011214466999999999,0.57395136,-0.28464818,0.016837973,0.7717721,-0.10400795,-0.21467346,0.7152685999999999,0.07959653400000001,-0.31158346,0.46477795,0.041458352999999996,-0.35299927,0.53507066,-0.19330550000000002,-0.11285695400000001,0.809621,-0.0077338414,-0.20002437,1.0217853000000001,0.0026138674,-0.26169246,0.90567064,-0.08380541,-0.26574200000000003,0.94037205,-0.030969287999999998,-0.22815170000000004,0.96024966,-0.08303915,-0.21024805,0.9330646999999999,0.057581894,-0.12109353,0.9779780999999999,-0.06031963,0.00032062828540802,0.2977241277694702,-0.0077090729027986535
44,0.22415625,-0.40623185,0.01768844,0.14167047,-0.07828951,-0.21536782,0.098980635,0.30952907,-0.069044285,-0.099254735,0.28294998,0.05275736,-0.29806763,-0.019056676,-0.09253687,-0.18258139999999998,-0.39314494,0.05352025,-0.21783492,0.5199492,-0.41089877,-0.0016363887,0.5610126,-0.28603290000000003,0.014877591,0.76585823,-0.11745742,-0.19062288,0.7299154999999999,0.0986422,-0.31246805,0.4895016,0.10295484,-0.4037887,0.51315254,-0.12579535,-0.09871368,0.814082,-0.0057594487,-0.17343415,1.0289363,0.02086112,-0.2568732,0.9135698,-0.04566327,-0.24675167,0.9486283000000001,0.0061421953,-0.22375757,0.96750045,-0.054209556,-0.17057478,0.9412997999999999,0.076913,-0.114136726,0.98348004,-0.060037482999999996,-0.00013704970479011536,0.2962395250797272,-0.008143462240695953
45,0.21452129999999997,-0.40519679999999997,0.060150154000000004,0.13871855,-0.090927005,-0.19129021,0.10068262,0.30639362,-0.066982076,-0.10269818,0.28289512,0.04641587,-0.28053266,-0.03139985,-0.10767675,-0.17533189999999998,-0.38615865,0.08342747,-0.2674434,0.53178346,-0.37609833,-0.03455958,0.56457937,-0.28516132,0.009613779,0.76714617,-0.12862112,-0.19217432,0.7354835999999999,0.082846306,-0.31660998,0.5008031,0.09119953,-0.40515542,0.5352687,-0.13550591,-0.10020713,0.8144861999999999,-0.020851163,-0.1710045,1.0283147,-0.0009545292,-0.25354916,0.91500825,-0.071947016,-0.24598107,0.95036864,-0.019984812,-0.21810889,0.9676681999999999,-0.07863216,-0.17517939999999999,0.9414418,0.05590031,-0.10828623,0.9798125,-0.07694164,-0.0010077767074108124,0.2946443557739258,-0.010283103212714195
46,0.19024603,-0.42574975,0.03597739,0.10581059,-0.09916022,-0.19702673,0.09999339,0.29865047,-0.07252803,-0.09836391,0.28599092,0.05054028,-0.29599458,-0.020418003,-0.090937555,-0.22238499,-0.38773602,0.09432462,-0.25693834,0.54442257,-0.42510706,-0.03358198,0.5650772,-0.30912779999999995,0.020235298,0.75962794,-0.14846386,-0.17851402,0.7428151,0.06019959,-0.31823468,0.5194385,0.07145287,-0.40355507,0.53750545,-0.15968625,-0.08646629,0.8106664000000001,-0.045016702,-0.16050027,1.0213325,-0.031889148,-0.24384652,0.9030973,-0.09327443,-0.23425615,0.940584,-0.043472063,-0.21049836,0.9562074,-0.104331896,-0.15891573,0.937483,0.027994208,-0.10084212,0.9713656999999999,-0.10990108,0.0008147396147251129,0.2923206984996796,-0.010993873700499536
47,0.18618377,-0.4398287,0.011784815,0.10537621400000001,-0.09750448,-0.19574109,0.09901196,0.29745993,-0.07393198,-0.09620753,0.28439283,0.051560916,-0.30159256,-0.01246901,-0.08601138,-0.2526262,-0.38441709999999996,0.093818754,-0.31851515,0.6040675,-0.40088907,-0.082210645,0.5985113000000001,-0.3142566,0.008056873,0.76353335,-0.13984029999999997,-0.1775608,0.7390220000000001,0.07346952,-0.34741473,0.5392927,0.066143245,-0.44094294,0.6066244000000001,-0.15052220000000002,-0.08714892,0.8083438000000001,-0.030007437,-0.13774487,1.0216744,-0.005744653299999999,-0.23378968,0.9209353000000001,-0.07879633,-0.2219641,0.9537684000000001,-0.026427377000000002,-0.19238308,0.9689945,-0.08459249,-0.15241712,0.9350215000000001,0.048767492,-0.08196087,0.9682719999999999,-0.08321631,0.0014022141695022585,0.29092639684677124,-0.011185530573129654
48,0.19067475,-0.43745118,0.007474272,0.09252575,-0.099407434,-0.19623828,0.09646593,0.29437178,-0.07907134,-0.091519915,0.28364253,0.054521743,-0.30565065,-0.009841446,-0.062236995,-0.28247222,-0.38438678,0.11520662,-0.36457345,0.6126845000000001,-0.37325478,-0.12205455,0.6149085999999999,-0.30411020000000005,-0.0064784790000000005,0.7661706,-0.14029907,-0.18387201,0.74537617,0.062218405,-0.37951097,0.5848651999999999,0.015426915,-0.44060582,0.65662706,-0.21343853,-0.09395738,0.8059801999999999,-0.034722745,-0.14166304,1.0162314000000001,-0.014604599999999999,-0.23592174,0.91884404,-0.09441641,-0.22701567,0.95187706,-0.041827437,-0.19197792,0.96488047,-0.09722921,-0.16491017,0.93120486,0.0394237,-0.08224072,0.95951915,-0.08627174,0.0024730078876018524,0.28900715708732605,-0.01227479986846447
49,0.19389805,-0.43364840000000004,0.01664396,0.08802201,-0.10087678,-0.19041902,0.09698227,0.29440778,-0.07863029,-0.09197081,0.28579584,0.05338518,-0.29879463,-0.0112645645,-0.06703398,-0.32396758,-0.39268944,0.09434792,-0.38717312,0.6257043999999999,-0.35522467,-0.13931201,0.62832546,-0.30211288,-0.0020366628,0.766999,-0.14371910000000002,-0.17552522,0.7547793,0.06280054,-0.39296687,0.61676705,0.03652932,-0.47673064,0.6645078000000001,-0.19280495,-0.08495136,0.8105861999999999,-0.037070762,-0.12314921599999999,1.0238646999999998,-0.019095913,-0.21931918,0.9308465,-0.10159073,-0.21053714,0.96394,-0.048824599999999996,-0.17285025,0.9745187,-0.10295282,-0.15273513,0.94052935,0.03517606,-0.06401612599999999,0.96357775,-0.08787136,0.0025057308375835423,0.2901018261909485,-0.012622555717825891
50,0.17632735,-0.4553317,0.08691879,0.09012606,-0.12376960000000001,-0.13616943,0.09644130000000001,0.28834832,-0.078452945,-0.094399065,0.2834345,0.050395202,-0.28496617,-0.023617267999999997,-0.08363278,-0.35828447,-0.40685509999999997,0.0597477,-0.41766164,0.57035875,-0.35820714,-0.17038058,0.6064352,-0.30644846,-0.020078894,0.7476026,-0.15971470000000001,-0.17670152,0.7425286999999999,0.060570896,-0.40099835,0.61308014,0.09480995,-0.55627424,0.60633063,-0.10043145,-0.09790432,0.79627997,-0.048008163,-0.15130323,1.0058947,-0.024136355,-0.25358020000000003,0.8987957000000001,-0.073060475,-0.23353082,0.93422425,-0.025213292,-0.21734455,0.94814104,-0.08851492,-0.14996454,0.922171,0.034392342,-0.109632224,0.95246315,-0.10896762,0.0010211169719696043,0.2858914136886597,-0.014028871431946754
51,0.19325836,-0.4676384,0.05288868,0.08434312,-0.1255428,-0.1483987,0.09310739999999999,0.28563637,-0.08349721,-0.09126038,0.27988824,0.05369916,-0.27694672,-0.043388925,-0.050477084000000005,-0.40302736,-0.42629445,0.058869854000000006,-0.43420833,0.5514668,-0.33294429999999997,-0.19023718,0.61984813,-0.28359118,-0.018240478,0.744749,-0.14701137,-0.15863863,0.7411331999999999,0.07997451,-0.38729393,0.62403864,0.1271216,-0.5854391999999999,0.56596386,-0.020193851999999998,-0.08624053,0.7929601,-0.03171172,-0.13501331,1.0024188,-0.006490192,-0.24024676,0.8968251,-0.05090606,-0.21802378,0.93221724,-0.004140895,-0.20404546,0.9455494000000001,-0.06790615,-0.13271342,0.9193344000000001,0.052346632000000004,-0.09751916,0.9481037,-0.09176882,0.0009235106408596039,0.2827622890472412,-0.014899024739861488
52,0.23665585,-0.47349378,0.01167696,0.086747274,-0.12560481,-0.15707901,0.08535112,0.285688,-0.092024975,-0.085185386,0.27451336,0.06041574,-0.26626020000000006,-0.060646664,-0.012841916,-0.40457758,-0.44337085,0.088453166,-0.47743833,0.5464701999999999,-0.23643716,-0.22988892,0.6248878000000001,-0.22371858,-0.028818162,0.74202967,-0.13489306,-0.14316563,0.7374472,0.10007916,-0.36834526,0.6136993000000001,0.131677,-0.57834285,0.55472875,-0.0025158026,-0.08039198,0.7898932,-0.01512976,-0.12579454,0.9990333,0.01325494,-0.23350161,0.8923770000000001,-0.019773558,-0.20728707,0.9284783000000001,0.02419238,-0.19966495,0.9411871999999999,-0.04063183,-0.11705067,0.91689295,0.07222386,-0.09613623,0.94418925,-0.07416654,8.286535739898682e-05,0.2801007032394409,-0.01580461673438549
53,0.212914,-0.46432185,-1.6260892e-05,0.08687593,-0.11413593,-0.18323205,0.0972702,0.28636408,-0.07961224,-0.09256421,0.28672093,0.050909015999999994,-0.2871077,-0.039164025,-0.029132832,-0.42806178,-0.41355404,0.10726484,-0.43819842,0.5996385000000001,-0.30950409999999995,-0.18382889,0.63992584,-0.26888144,0.006431534,0.7543736999999999,-0.15509522,-0.15047903,0.7513135,0.061040275,-0.37627053,0.62254286,0.04556178,-0.56847817,0.60315365,-0.12464444,-0.065069154,0.80410486,-0.04352381,-0.09974419,1.0156290000000001,-0.016024424,-0.21237972,0.92088443,-0.06926259400000001,-0.18905011,0.9527950000000001,-0.020269457,-0.1706499,0.96672213,-0.08294145,-0.10799160599999999,0.93025655,0.04056473,-0.061980214000000006,0.9600920000000001,-0.10209881,0.0023529939353466034,0.28654250502586365,-0.014351611956954002
54,0.42280070000000003,-0.398319,-0.27470285,0.14260991,-0.10301115,-0.18141682,0.0059862197,0.2730163,-0.12704673,-0.021785775,0.22500589999999998,0.099423386,-0.24115014,-0.083861805,0.03243939,-0.3360889,-0.47909725,-0.057034272999999996,-0.24341689,0.59951854,-0.3805849,-0.014805134,0.55289924,-0.31739482,0.03330391,0.6734606,-0.09772146,-0.10373421,0.66877115,0.12854683,-0.31181479999999995,0.512785,0.105292514,-0.51615024,0.5053988,-0.026434857000000003,-0.032450599999999996,0.7231608,0.016159553,-0.021763192,0.92438585,0.0044628540000000005,-0.16103813,0.85716015,0.01526835,-0.11912678,0.8885761999999999,0.04522667,-0.12432672,0.88907856,-0.02035046,-0.029940413,0.8546166,0.07379746400000001,-0.0374462,0.8555210999999999,-0.06801219,-0.007899777963757515,0.2490110993385315,-0.01381167396903038
55,0.3975594,-0.39474478,-0.30165622,0.10215424,-0.11958489,-0.19122174,0.0053151697,0.26927470000000003,-0.12914135,-0.017508438,0.23121063,0.10012446,-0.24088886,-0.08063572,0.07109601,-0.31583312,-0.48929322,0.023414856,-0.15111558,0.48403323,-0.42814955,0.05824354,0.49330965,-0.30692333,0.05026993,0.6628255999999999,-0.11450425,-0.104642026,0.672639,0.10818948,-0.30550092,0.5016825,0.106919125,-0.5184319000000001,0.45162815,-0.0021012076,-0.027409136,0.72317946,-0.0059134187,-0.012125026,0.9235960999999999,-0.030658199,-0.15225518,0.8619609,-0.006638365,-0.10725178,0.8932858,0.018531306,-0.11720677,0.89085764,-0.0463491,-0.017945386,0.85762495,0.042448945,-0.035330474,0.8517771000000001,-0.09861276,-0.006096634082496165,0.250242680311203,-0.0145084410905838
56,0.22170717,-0.50371325,0.052402317999999996,0.10521152,-0.14035141,-0.10046767,0.088796675,0.27180737,-0.07955779,-0.09694334,0.25803667,0.043923143,-0.23478805,-0.08528392,-0.08096929,-0.34111533,-0.48584777,-0.048341468,-0.29455698,0.45108178,-0.27980316,-0.05797263,0.48686156,-0.22417918,0.026894192999999997,0.69772744,-0.124312684,-0.10893163,0.6938161,0.10189497,-0.19037758,0.45601112,0.14913785,-0.40642983,0.42858859999999993,0.054168757000000005,-0.04420616,0.7573223000000001,-0.014045161,-0.07718839,0.9682940999999999,-0.010702295,-0.17820574,0.86465734,-0.061649248,-0.16403247,0.9035148000000001,-0.016425443999999997,-0.13891281,0.9095175,-0.076944344,-0.09124005,0.8933336,0.05173444,-0.034899876,0.90551984,-0.08005034,-0.0040733329951763144,0.26492202281951904,-0.01781732402741909
57,0.23500861,-0.49746899999999994,0.03706104,0.107420474,-0.13653104,-0.11251774,0.08726539999999999,0.274522,-0.08175192,-0.09517636,0.25814497,0.047144633,-0.23957898,-0.08084555,-0.07766636,-0.34568667,-0.48146197,-0.045216482,-0.30183932,0.45820600000000006,-0.2861131,-0.06490497,0.49235642,-0.23071268,0.01854961,0.70156956,-0.124009386,-0.11001539,0.69450337,0.109294474,-0.18835235,0.45682174,0.16620134,-0.40797612,0.43517396,0.07842497,-0.050728705,0.7594612,-0.009703016,-0.08942175,0.97013164,-0.001916924,-0.19019327,0.8638731,-0.04799387,-0.17425953,0.9026703000000001,-0.003159618,-0.15316448,0.91021734,-0.06507494,-0.0971473,0.8938881999999999,0.060317635999999994,-0.049109954000000004,0.9095475000000001,-0.07500146,-0.003955479711294174,0.2663334906101227,-0.017303643748164173
58,0.25313270000000004,-0.47078016,-0.03131919,0.11000328,-0.11511423,-0.17436162,0.08562398,0.28376374,-0.08359875,-0.08940419999999999,0.2611202,0.056231022,-0.27457947,-0.050256262999999995,-0.0653297,-0.36147654,-0.45228209999999996,-0.0011583886,-0.28401396,0.46776253,-0.3222919,-0.05162087,0.51027405,-0.25142616,0.014895845,0.7129768,-0.11532073,-0.12037144599999999,0.69196427,0.12608892,-0.19557643,0.44865724,0.16983059,-0.39067265,0.4217053,0.033982742999999996,-0.061739499999999996,0.7656536999999999,0.005827572,-0.114645086,0.9763168999999999,0.02547688,-0.20917557,0.86487186,-0.021641228,-0.19347179,0.9024651,0.024563667999999997,-0.17595637,0.9148893,-0.037758656,-0.11315808,0.8959608,0.0845262,-0.07177953,0.9227556999999998,-0.05342889,-0.0018901117146015167,0.2724419832229614,-0.01368386298418045
59,0.29146856,-0.45334056,-0.016203523,0.13500313,-0.11013622599999999,-0.18069938,0.08989115,0.28421599999999997,-0.07851986,-0.09290608,0.25850785,0.053847764000000006,-0.29254425,-0.034801733,-0.08192246,-0.35197943,-0.43750346,0.017985947,-0.2344311,0.4057898,-0.36946285,-0.03176142,0.49388486,-0.25308347,0.017519994,0.7027741999999999,-0.11354519,-0.13867167,0.68193984,0.1191888,-0.23245667,0.44151843,0.16055211,-0.43452168,0.36995724,0.045562584,-0.07050565,0.7577203,0.0035928935,-0.12579583,0.96871334,0.023171999999999998,-0.21843168,0.8568912000000001,-0.025354829,-0.20370549,0.8940828000000002,0.021290053,-0.18597212,0.9072824,-0.040775456,-0.12386148,0.8880815999999999,0.08141193,-0.08182742,0.9162975,-0.055816997,-0.0015074647963047028,0.27136191725730896,-0.01233604736626148
60,0.29468128,-0.4186275,0.01691738,0.13653477,-0.10564131,-0.19049753,0.0931815,0.28295207,-0.07401614,-0.09479793,0.26245034,0.0503979,-0.30063304,-0.020617866999999998,-0.09121041,-0.34948140000000005,-0.4125442,0.04104999,-0.22494243,0.41366252,-0.35749894,-0.021894192000000003,0.4965155,-0.24221747,0.026223969,0.7087498000000001,-0.116515025,-0.13676026,0.6928484,0.10900235,-0.23312929999999996,0.45754802,0.15446852,-0.4412327999999999,0.41309714,0.041324776,-0.0641698,0.76447785,-0.003614272,-0.10935209,0.97485226,0.019624481000000003,-0.20949157,0.8695959000000001,-0.029848597999999997,-0.19179773,0.90491706,0.017411186999999998,-0.17431359999999999,0.9183995999999999,-0.04473216,-0.11157401,0.8930243,0.07594365,-0.06981501,0.92141294,-0.06173508,-0.0008082166314125061,0.2727012038230896,-0.011809119954705238
61,0.27887607,-0.43003774,0.025749227000000003,0.13320404,-0.11076181,-0.17977124,0.09472403,0.28014859999999997,-0.0715479,-0.096822135,0.2642532,0.045507967,-0.2896928,-0.037173804,-0.08217716,-0.35235226,-0.42697227,0.04869929,-0.23129289,0.40214735,-0.31608325,-0.022480236,0.49411798,-0.22019802,0.038263656,0.7090936999999999,-0.115962885,-0.12965898,0.69753134,0.10111477,-0.22030026,0.46118936,0.13738674,-0.42908114,0.40055662,0.03400835,-0.052177314,0.76690865,-0.00751142,-0.08598803,0.9776299,0.015570588,-0.19066066,0.8795086999999999,-0.039182786000000004,-0.17276332,0.91328317,0.009062994,-0.15185425,0.9260165000000001,-0.05210676400000001,-0.096058324,0.8957681999999999,0.070835315,-0.047068417,0.9222196,-0.06447937,-0.0010490529239177704,0.27220088243484497,-0.013019967824220656
62,0.29522950000000003,-0.40810958,0.014151581000000002,0.14276439,-0.09877269999999999,-0.20070168,0.09652402,0.28242278,-0.06895,-0.09781587,0.26422635,0.045556623,-0.2979324,-0.024357168,-0.09318351,-0.35498077,-0.41082743,0.052087836,-0.27139497,0.46583283,-0.32702696,-0.04381984,0.5056934000000001,-0.23823350000000001,0.03343438,0.7090069,-0.115750104,-0.14257342,0.6926911,0.09876542,-0.24247533,0.45553306,0.12257762,-0.43161273,0.43251130000000004,-0.024005719,-0.059585813,0.76534945,-0.007988251,-0.095250465,0.9788163000000001,0.008625091,-0.19412668,0.87954223,-0.054035245999999995,-0.18114346,0.9144956,-0.005012337,-0.15379094,0.9256575,-0.06393561,-0.111250505,0.89797777,0.06505519,-0.04813634,0.92151767,-0.06538454,-0.0006459243595600128,0.27332454919815063,-0.01169668696820736
